{
  "author":"BuildFire"
  ,"pluginName":"broadcastRadioPlugin"
  ,"pluginDescription":"The Broadcast Radio plugin"
  ,"pluginKeywords":"document,page,iframe,instagram,website"
  ,"supportEmail":"support@buildfire.com"
  ,"supportSite":"https://learn.buildfire.com/en/articles/1691377-webview-tutorial"
  ,"pluginIcon":"icon.png"
  ,"licenseKey": "a4sd6-as654asd6as545a65s4d6a-65asd564a"
  ,"control":{
    "content":{
      "enabled":true
    }
    , "design":{
      "enabled":false
    }
    , "settings":{
      "enabled":false
    }
  }
  ,"widget":{

  },
  "features" : [{"name" : "BackgroundAudio"}],
   "languages":[
      "en"
   ],
  "webpack": 8080
}
